image_id,file_name,split,group,reasons,status,annotation_complete,tags,notes
1,batch_1/000008.jpg,train,batch_1,whole-image sharpness in lowest 5% (review; blur alone is not unusable),,,,
2,batch_1/000010.jpg,train,batch_1,stratified sample,,,,
3,batch_1/000019.jpg,train,batch_1,stratified sample,,,,
6,batch_1/000055.jpg,train,batch_1,whole-image sharpness in lowest 5% (review; blur alone is not unusable),,,,
15,batch_1/000058.jpg,train,batch_1,whole-image sharpness in lowest 5% (review; blur alone is not unusable),,,,
16,batch_1/000060.jpg,train,batch_1,stratified sample,,,,
21,batch_1/000043.jpg,train,batch_1,stratified sample,,,,
22,batch_1/000049.jpg,train,batch_1,whole-image sharpness in lowest 5% (review; blur alone is not unusable),,,,
32,batch_1/000031.jpg,train,batch_1,stratified sample,,,,
33,batch_1/000042.jpg,train,batch_1,stratified sample,,,,
34,batch_1/000050.jpg,train,batch_1,whole-image sharpness in lowest 5% (review; blur alone is not unusable),,,,
35,batch_1/000059.jpg,train,batch_1,whole-image sharpness in lowest 5% (review; blur alone is not unusable),,,,
40,batch_1/000017.jpg,train,batch_1,stratified sample,,,,
44,batch_1/000037.jpg,train,batch_1,stratified sample,,,,
46,batch_1/000038.jpg,train,batch_1,stratified sample,,,,
49,batch_1/000067.JPG,train,batch_1,whole-image sharpness in lowest 5% (review; blur alone is not unusable),,,,
54,batch_1/000072.JPG,train,batch_1,stratified sample,,,,
58,batch_1/000078.JPG,train,batch_1,whole-image sharpness in lowest 5% (review; blur alone is not unusable),,,,
59,batch_1/000079.JPG,train,batch_1,whole-image sharpness in lowest 5% (review; blur alone is not unusable),,,,
62,batch_1/000083.JPG,train,batch_1,stratified sample,,,,
63,batch_1/000084.JPG,train,batch_1,stratified sample,,,,
67,batch_1/000088.JPG,train,batch_1,whole-image sharpness in lowest 5% (review; blur alone is not unusable),,,,
68,batch_1/000090.JPG,train,batch_1,whole-image sharpness in lowest 5% (review; blur alone is not unusable),,,,
84,batch_1/000106.JPG,train,batch_1,whole-image sharpness in lowest 5% (review; blur alone is not unusable),,,,
92,batch_1/000119.JPG,train,batch_1,whole-image sharpness in lowest 5% (review; blur alone is not unusable),,,,
100,batch_1/000129.JPG,train,batch_1,stratified sample,,,,
109,batch_10/000008.jpg,train,batch_10,box 2 outside image or empty,,,,
112,batch_10/000011.jpg,train,batch_10,box 11 outside image or empty,,,,
125,batch_10/000024.jpg,train,batch_10,stratified sample,,,,
139,batch_10/000038.jpg,train,batch_10,stratified sample,,,,
146,batch_10/000045.jpg,train,batch_10,stratified sample,,,,
147,batch_10/000046.jpg,train,batch_10,stratified sample,,,,
161,batch_10/000060.jpg,train,batch_10,stratified sample,,,,
177,batch_10/000076.jpg,train,batch_10,stratified sample,,,,
181,batch_10/000080.jpg,train,batch_10,stratified sample,,,,
189,batch_10/000088.jpg,train,batch_10,stratified sample,,,,
190,batch_10/000089.jpg,train,batch_10,stratified sample,,,,
191,batch_10/000090.jpg,train,batch_10,stratified sample,,,,
201,batch_11/000000.jpg,train,batch_11,stratified sample,,,,
209,batch_11/000008.jpg,train,batch_11,box 0 outside image or empty; whole-image sharpness in lowest 5% (review; blur alone is not unusable),,,,
210,batch_11/000009.jpg,train,batch_11,stratified sample,,,,
235,batch_11/000034.jpg,train,batch_11,stratified sample,,,,
249,batch_11/000048.jpg,train,batch_11,stratified sample,,,,
263,batch_11/000062.jpg,train,batch_11,stratified sample,,,,
269,batch_11/000068.jpg,train,batch_11,stratified sample,,,,
271,batch_11/000070.jpg,train,batch_11,stratified sample,,,,
275,batch_11/000074.jpg,train,batch_11,stratified sample,,,,
278,batch_11/000077.jpg,train,batch_11,box 1 outside image or empty,,,,
286,batch_11/000085.jpg,train,batch_11,whole-image sharpness in lowest 5% (review; blur alone is not unusable),,,,
289,batch_11/000088.jpg,train,batch_11,whole-image sharpness in lowest 5% (review; blur alone is not unusable),,,,
293,batch_11/000092.jpg,train,batch_11,stratified sample,,,,
312,batch_12/000011.jpg,train,batch_12,stratified sample,,,,
317,batch_12/000016.jpg,train,batch_12,stratified sample,,,,
322,batch_12/000021.jpg,train,batch_12,stratified sample,,,,
333,batch_12/000032.jpg,train,batch_12,stratified sample,,,,
341,batch_12/000040.jpg,train,batch_12,stratified sample,,,,
345,batch_12/000044.jpg,train,batch_12,stratified sample,,,,
356,batch_12/000055.jpg,train,batch_12,stratified sample,,,,
364,batch_12/000063.jpg,train,batch_12,whole-image sharpness in lowest 5% (review; blur alone is not unusable),,,,
365,batch_12/000064.jpg,train,batch_12,whole-image sharpness in lowest 5% (review; blur alone is not unusable),,,,
366,batch_12/000065.jpg,train,batch_12,whole-image sharpness in lowest 5% (review; blur alone is not unusable),,,,
367,batch_12/000066.jpg,train,batch_12,stratified sample,,,,
371,batch_12/000070.jpg,train,batch_12,whole-image sharpness in lowest 5% (review; blur alone is not unusable),,,,
385,batch_12/000084.jpg,train,batch_12,stratified sample,,,,
388,batch_12/000087.jpg,train,batch_12,stratified sample,,,,
394,batch_12/000093.jpg,train,batch_12,stratified sample,,,,
423,batch_13/000022.jpg,train,batch_13,stratified sample,,,,
424,batch_13/000023.jpg,train,batch_13,whole-image sharpness in lowest 5% (review; blur alone is not unusable),,,,
425,batch_13/000024.jpg,train,batch_13,stratified sample,,,,
426,batch_13/000025.jpg,train,batch_13,stratified sample,,,,
430,batch_13/000029.jpg,train,batch_13,stratified sample,,,,
431,batch_13/000030.jpg,train,batch_13,stratified sample,,,,
438,batch_13/000037.jpg,train,batch_13,stratified sample,,,,
444,batch_13/000043.jpg,train,batch_13,stratified sample,,,,
456,batch_13/000055.jpg,train,batch_13,stratified sample,,,,
457,batch_13/000056.jpg,train,batch_13,box 4 outside image or empty,,,,
460,batch_13/000059.jpg,train,batch_13,boxes 4 and 8 near-duplicate,,,,
492,batch_13/000091.jpg,train,batch_13,stratified sample,,,,
506,batch_14/000005.jpg,train,batch_14,whole-image sharpness in lowest 5% (review; blur alone is not unusable),,,,
513,batch_14/000012.jpg,train,batch_14,stratified sample,,,,
518,batch_14/000017.jpg,train,batch_14,stratified sample,,,,
532,batch_14/000031.jpg,train,batch_14,stratified sample,,,,
549,batch_14/000048.jpg,train,batch_14,box 0 outside image or empty,,,,
554,batch_14/000053.jpg,train,batch_14,stratified sample,,,,
556,batch_14/000055.jpg,train,batch_14,stratified sample,,,,
572,batch_14/000071.jpg,train,batch_14,stratified sample,,,,
576,batch_14/000075.jpg,train,batch_14,stratified sample,,,,
577,batch_14/000076.jpg,train,batch_14,stratified sample,,,,
599,batch_14/000098.jpg,train,batch_14,stratified sample,,,,
605,batch_15/000004.jpg,test,batch_15,stratified sample,,,,
613,batch_15/000012.jpg,test,batch_15,stratified sample,,,,
618,batch_15/000017.jpg,test,batch_15,stratified sample,,,,
622,batch_15/000021.jpg,test,batch_15,stratified sample,,,,
630,batch_15/000029.jpg,test,batch_15,stratified sample,,,,
632,batch_15/000031.jpg,test,batch_15,stratified sample,,,,
641,batch_15/000040.jpg,test,batch_15,stratified sample,,,,
656,batch_15/000055.jpg,test,batch_15,stratified sample,,,,
659,batch_15/000058.jpg,test,batch_15,stratified sample,,,,
673,batch_15/000072.jpg,test,batch_15,stratified sample,,,,
679,batch_15/000078.jpg,test,batch_15,box 5 outside image or empty,,,,
688,batch_2/000003.JPG,test,batch_2,whole-image sharpness in lowest 5% (review; blur alone is not unusable),,,,
690,batch_2/000006.JPG,test,batch_2,stratified sample,,,,
691,batch_2/000007.JPG,test,batch_2,whole-image sharpness in lowest 5% (review; blur alone is not unusable),,,,
697,batch_2/000015.JPG,test,batch_2,stratified sample,,,,
702,batch_2/000020.JPG,test,batch_2,stratified sample,,,,
704,batch_2/000022.JPG,test,batch_2,stratified sample,,,,
706,batch_2/000024.JPG,test,batch_2,whole-image sharpness in lowest 5% (review; blur alone is not unusable),,,,
707,batch_2/000025.JPG,test,batch_2,whole-image sharpness in lowest 5% (review; blur alone is not unusable),,,,
708,batch_2/000026.JPG,test,batch_2,whole-image sharpness in lowest 5% (review; blur alone is not unusable),,,,
738,batch_2/000060.JPG,test,batch_2,stratified sample,,,,
746,batch_2/000069.JPG,test,batch_2,stratified sample,,,,
775,batch_2/000098.JPG,test,batch_2,stratified sample,,,,
776,batch_2/000099.JPG,test,batch_2,stratified sample,,,,
790,batch_3/IMG_5039.JPG,val,batch_3,stratified sample,,,,
791,batch_3/IMG_5040.JPG,val,batch_3,stratified sample,,,,
792,batch_3/IMG_5041.JPG,val,batch_3,whole-image sharpness in lowest 5% (review; blur alone is not unusable),,,,
795,batch_3/IMG_5044.JPG,val,batch_3,whole-image sharpness in lowest 5% (review; blur alone is not unusable),,,,
796,batch_3/IMG_5045.JPG,val,batch_3,whole-image sharpness in lowest 5% (review; blur alone is not unusable),,,,
798,batch_3/IMG_5048.JPG,val,batch_3,whole-image sharpness in lowest 5% (review; blur alone is not unusable),,,,
799,batch_3/IMG_5049.JPG,val,batch_3,whole-image sharpness in lowest 5% (review; blur alone is not unusable),,,,
800,batch_3/IMG_5050.JPG,val,batch_3,whole-image sharpness in lowest 5% (review; blur alone is not unusable),,,,
813,batch_3/IMG_4856.JPG,val,batch_3,stratified sample,,,,
815,batch_3/IMG_4860.JPG,val,batch_3,stratified sample,,,,
818,batch_3/IMG_4868.JPG,val,batch_3,whole-image sharpness in lowest 5% (review; blur alone is not unusable),,,,
819,batch_3/IMG_4869.JPG,val,batch_3,stratified sample,,,,
822,batch_3/IMG_4876.JPG,val,batch_3,whole-image sharpness in lowest 5% (review; blur alone is not unusable),,,,
823,batch_3/IMG_4877.JPG,val,batch_3,stratified sample,,,,
824,batch_3/IMG_4878.JPG,val,batch_3,stratified sample,,,,
825,batch_3/IMG_4879.JPG,val,batch_3,whole-image sharpness in lowest 5% (review; blur alone is not unusable),,,,
831,batch_3/IMG_4895.JPG,val,batch_3,stratified sample,,,,
834,batch_3/IMG_4901.JPG,val,batch_3,stratified sample,,,,
839,batch_3/IMG_4914.JPG,val,batch_3,whole-image sharpness in lowest 5% (review; blur alone is not unusable),,,,
840,batch_3/IMG_4915.JPG,val,batch_3,whole-image sharpness in lowest 5% (review; blur alone is not unusable),,,,
841,batch_3/IMG_4916.JPG,val,batch_3,whole-image sharpness in lowest 5% (review; blur alone is not unusable),,,,
842,batch_3/IMG_4917.JPG,val,batch_3,whole-image sharpness in lowest 5% (review; blur alone is not unusable),,,,
845,batch_3/IMG_4922.JPG,val,batch_3,stratified sample,,,,
852,batch_3/IMG_4939.JPG,val,batch_3,whole-image sharpness in lowest 5% (review; blur alone is not unusable),,,,
855,batch_3/IMG_4963.JPG,val,batch_3,whole-image sharpness in lowest 5% (review; blur alone is not unusable),,,,
857,batch_3/IMG_4965.JPG,val,batch_3,stratified sample,,,,
859,batch_3/IMG_4967.JPG,val,batch_3,whole-image sharpness in lowest 5% (review; blur alone is not unusable),,,,
866,batch_3/IMG_4948.JPG,val,batch_3,stratified sample,,,,
869,batch_3/IMG_5063.JPG,val,batch_3,whole-image sharpness in lowest 5% (review; blur alone is not unusable),,,,
871,batch_3/IMG_5065.JPG,val,batch_3,whole-image sharpness in lowest 5% (review; blur alone is not unusable),,,,
872,batch_3/IMG_5066.JPG,val,batch_3,whole-image sharpness in lowest 5% (review; blur alone is not unusable),,,,
873,batch_3/IMG_5067.JPG,val,batch_3,stratified sample,,,,
880,batch_4/000003.JPG,train,batch_4,stratified sample,,,,
892,batch_4/000015.JPG,train,batch_4,stratified sample,,,,
893,batch_4/000016.JPG,train,batch_4,stratified sample,,,,
895,batch_4/000019.JPG,train,batch_4,stratified sample,,,,
905,batch_4/000031.JPG,train,batch_4,stratified sample,,,,
933,batch_4/000063.JPG,train,batch_4,stratified sample,,,,
937,batch_4/000069.JPG,train,batch_4,stratified sample,,,,
950,batch_4/000084.JPG,train,batch_4,stratified sample,,,,
951,batch_4/000085.JPG,train,batch_4,stratified sample,,,,
957,batch_4/000092.JPG,train,batch_4,stratified sample,,,,
986,batch_5/000095.JPG,train,batch_5,stratified sample,,,,
990,batch_5/000099.JPG,train,batch_5,stratified sample,,,,
999,batch_5/000070.JPG,train,batch_5,stratified sample,,,,
1038,batch_5/000021.JPG,train,batch_5,stratified sample,,,,
1045,batch_5/000028.JPG,train,batch_5,whole-image sharpness in lowest 5% (review; blur alone is not unusable),,,,
1046,batch_5/000029.JPG,train,batch_5,stratified sample,,,,
1073,batch_5/000059.JPG,train,batch_5,stratified sample,,,,
1074,batch_5/000060.JPG,train,batch_5,whole-image sharpness in lowest 5% (review; blur alone is not unusable),,,,
1086,batch_6/000095.JPG,train,batch_6,whole-image sharpness in lowest 5% (review; blur alone is not unusable),,,,
1088,batch_6/000093.JPG,train,batch_6,whole-image sharpness in lowest 5% (review; blur alone is not unusable),,,,
1096,batch_6/000085.JPG,train,batch_6,whole-image sharpness in lowest 5% (review; blur alone is not unusable),,,,
1098,batch_6/000082.JPG,train,batch_6,stratified sample,,,,
1099,batch_6/000080.JPG,train,batch_6,stratified sample,,,,
1103,batch_6/000076.JPG,train,batch_6,whole-image sharpness in lowest 5% (review; blur alone is not unusable),,,,
1104,batch_6/000075.JPG,train,batch_6,whole-image sharpness in lowest 5% (review; blur alone is not unusable),,,,
1105,batch_6/000074.JPG,train,batch_6,whole-image sharpness in lowest 5% (review; blur alone is not unusable),,,,
1109,batch_6/000070.JPG,train,batch_6,stratified sample,,,,
1111,batch_6/000068.JPG,train,batch_6,stratified sample,,,,
1112,batch_6/000066.JPG,train,batch_6,stratified sample,,,,
1113,batch_6/000065.JPG,train,batch_6,whole-image sharpness in lowest 5% (review; blur alone is not unusable),,,,
1117,batch_6/000061.JPG,train,batch_6,stratified sample,,,,
1118,batch_6/000060.JPG,train,batch_6,whole-image sharpness in lowest 5% (review; blur alone is not unusable),,,,
1119,batch_6/000059.JPG,train,batch_6,whole-image sharpness in lowest 5% (review; blur alone is not unusable),,,,
1120,batch_6/000058.JPG,train,batch_6,whole-image sharpness in lowest 5% (review; blur alone is not unusable),,,,
1122,batch_6/000055.JPG,train,batch_6,stratified sample,,,,
1124,batch_6/000054.JPG,train,batch_6,whole-image sharpness in lowest 5% (review; blur alone is not unusable),,,,
1125,batch_6/000053.JPG,train,batch_6,stratified sample,,,,
1135,batch_6/000042.JPG,train,batch_6,whole-image sharpness in lowest 5% (review; blur alone is not unusable),,,,
1136,batch_6/000041.JPG,train,batch_6,whole-image sharpness in lowest 5% (review; blur alone is not unusable),,,,
1139,batch_6/000038.JPG,train,batch_6,stratified sample,,,,
1144,batch_6/000033.JPG,train,batch_6,whole-image sharpness in lowest 5% (review; blur alone is not unusable),,,,
1153,batch_6/000023.JPG,train,batch_6,whole-image sharpness in lowest 5% (review; blur alone is not unusable),,,,
1155,batch_6/000021.JPG,train,batch_6,whole-image sharpness in lowest 5% (review; blur alone is not unusable),,,,
1156,batch_6/000020.JPG,train,batch_6,stratified sample,,,,
1159,batch_6/000017.JPG,train,batch_6,whole-image sharpness in lowest 5% (review; blur alone is not unusable),,,,
1164,batch_6/000010.JPG,train,batch_6,whole-image sharpness in lowest 5% (review; blur alone is not unusable),,,,
1165,batch_6/000009.JPG,train,batch_6,whole-image sharpness in lowest 5% (review; blur alone is not unusable),,,,
1168,batch_6/000006.JPG,train,batch_6,stratified sample,,,,
1171,batch_6/000002.JPG,train,batch_6,whole-image sharpness in lowest 5% (review; blur alone is not unusable),,,,
1182,batch_7/000011.JPG,val,batch_7,stratified sample,,,,
1184,batch_7/000013.JPG,val,batch_7,stratified sample,,,,
1197,batch_7/000029.JPG,val,batch_7,whole-image sharpness in lowest 5% (review; blur alone is not unusable),,,,
1198,batch_7/000030.JPG,val,batch_7,whole-image sharpness in lowest 5% (review; blur alone is not unusable),,,,
1199,batch_7/000031.JPG,val,batch_7,whole-image sharpness in lowest 5% (review; blur alone is not unusable),,,,
1200,batch_7/000033.JPG,val,batch_7,whole-image sharpness in lowest 5% (review; blur alone is not unusable),,,,
1201,batch_7/000034.JPG,val,batch_7,whole-image sharpness in lowest 5% (review; blur alone is not unusable),,,,
1203,batch_7/000036.JPG,val,batch_7,stratified sample,,,,
1208,batch_7/000043.JPG,val,batch_7,stratified sample,,,,
1212,batch_7/000048.JPG,val,batch_7,stratified sample,,,,
1229,batch_7/000067.JPG,val,batch_7,stratified sample,,,,
1232,batch_7/000070.JPG,val,batch_7,stratified sample,,,,
1236,batch_7/000075.JPG,val,batch_7,stratified sample,,,,
1240,batch_7/000079.JPG,val,batch_7,stratified sample,,,,
1250,batch_7/000089.JPG,val,batch_7,stratified sample,,,,
1311,batch_8/000011.jpg,val,batch_7,stratified sample,,,,
1319,batch_8/000019.jpg,val,batch_7,stratified sample,,,,
1322,batch_8/000022.jpg,val,batch_7,stratified sample,,,,
1333,batch_8/000033.jpg,val,batch_7,stratified sample,,,,
1343,batch_8/000043.jpg,val,batch_7,stratified sample,,,,
1347,batch_8/000047.jpg,val,batch_7,whole-image sharpness in lowest 5% (review; blur alone is not unusable),,,,
1359,batch_8/000059.jpg,val,batch_7,stratified sample,,,,
1360,batch_8/000060.jpg,val,batch_7,stratified sample,,,,
1368,batch_8/000068.jpg,val,batch_7,stratified sample,,,,
1388,batch_8/000088.jpg,val,batch_7,stratified sample,,,,
1409,batch_9/000009.jpg,train,batch_9,stratified sample,,,,
1415,batch_9/000015.jpg,train,batch_9,stratified sample,,,,
1421,batch_9/000021.jpg,train,batch_9,stratified sample,,,,
1424,batch_9/000024.jpg,train,batch_9,stratified sample,,,,
1442,batch_9/000042.jpg,train,batch_9,stratified sample,,,,
1449,batch_9/000049.jpg,train,batch_9,whole-image sharpness in lowest 5% (review; blur alone is not unusable),,,,
1460,batch_9/000060.jpg,train,batch_9,stratified sample,,,,
1461,batch_9/000061.jpg,train,batch_9,stratified sample,,,,
1471,batch_9/000071.jpg,train,batch_9,stratified sample,,,,
1479,batch_9/000079.jpg,train,batch_9,stratified sample,,,,
1483,batch_9/000083.jpg,train,batch_9,stratified sample,,,,
1492,batch_9/000092.jpg,train,batch_9,stratified sample,,,,
1497,batch_9/000097.jpg,train,batch_9,stratified sample,,,,
